<?xml version="1.0" encoding="UTF-8"?>
<project name="inventariobeta" default="all">
  
  
  <property file="inventariobeta.properties"/>
  <!-- Uncomment the following property if no tests compilation is needed -->
  <!-- 
  <property name="skip.tests" value="true"/>
   -->
  
  <!-- Compiler options -->
  
  <property name="compiler.debug" value="on"/>
  <property name="compiler.generate.no.warnings" value="off"/>
  <property name="compiler.args" value=""/>
  <property name="compiler.max.memory" value="700m"/>
  <patternset id="ignored.files">
    <exclude name="**/*.hprof/**"/>
    <exclude name="**/*.pyc/**"/>
    <exclude name="**/*.pyo/**"/>
    <exclude name="**/*.rbc/**"/>
    <exclude name="**/*.yarb/**"/>
    <exclude name="**/*~/**"/>
    <exclude name="**/.DS_Store/**"/>
    <exclude name="**/.git/**"/>
    <exclude name="**/.hg/**"/>
    <exclude name="**/.svn/**"/>
    <exclude name="**/CVS/**"/>
    <exclude name="**/__pycache__/**"/>
    <exclude name="**/_svn/**"/>
    <exclude name="**/vssver.scc/**"/>
    <exclude name="**/vssver2.scc/**"/>
  </patternset>
  <patternset id="library.patterns">
    <include name="*.war"/>
    <include name="*.swc"/>
    <include name="*.zip"/>
    <include name="*.egg"/>
    <include name="*.ane"/>
    <include name="*.jar"/>
    <include name="*.ear"/>
    <include name="*.klib"/>
  </patternset>
  <patternset id="compiler.resources">
    <exclude name="**/?*.java"/>
    <exclude name="**/?*.form"/>
    <exclude name="**/?*.class"/>
    <exclude name="**/?*.groovy"/>
    <exclude name="**/?*.scala"/>
    <exclude name="**/?*.flex"/>
    <exclude name="**/?*.kt"/>
    <exclude name="**/?*.clj"/>
    <exclude name="**/?*.aj"/>
  </patternset>
  
  <!-- JDK definitions -->
  
  <property name="jdk.bin.1.8_(2)" value="${jdk.home.1.8_(2)}/bin"/>
  <path id="jdk.classpath.1.8_(2)">
    <fileset dir="${jdk.home.1.8_(2)}">
      <include name="jre/lib/charsets.jar"/>
      <include name="jre/lib/deploy.jar"/>
      <include name="jre/lib/ext/access-bridge-64.jar"/>
      <include name="jre/lib/ext/cldrdata.jar"/>
      <include name="jre/lib/ext/dnsns.jar"/>
      <include name="jre/lib/ext/jaccess.jar"/>
      <include name="jre/lib/ext/jfxrt.jar"/>
      <include name="jre/lib/ext/localedata.jar"/>
      <include name="jre/lib/ext/nashorn.jar"/>
      <include name="jre/lib/ext/sunec.jar"/>
      <include name="jre/lib/ext/sunjce_provider.jar"/>
      <include name="jre/lib/ext/sunmscapi.jar"/>
      <include name="jre/lib/ext/sunpkcs11.jar"/>
      <include name="jre/lib/ext/zipfs.jar"/>
      <include name="jre/lib/javaws.jar"/>
      <include name="jre/lib/jce.jar"/>
      <include name="jre/lib/jfr.jar"/>
      <include name="jre/lib/jfxswt.jar"/>
      <include name="jre/lib/jsse.jar"/>
      <include name="jre/lib/management-agent.jar"/>
      <include name="jre/lib/plugin.jar"/>
      <include name="jre/lib/resources.jar"/>
      <include name="jre/lib/rt.jar"/>
    </fileset>
  </path>
  
  <property name="project.jdk.home" value="${jdk.home.1.8_(2)}"/>
  <property name="project.jdk.bin" value="${jdk.bin.1.8_(2)}"/>
  <property name="project.jdk.classpath" value="jdk.classpath.1.8_(2)"/>
  
  
  <!-- Project Libraries -->
  
  <path id="library.maven:_mysql:mysql-connector-java:5.1.47.classpath">
    <pathelement location="${path.variable.maven_repository}/mysql/mysql-connector-java/5.1.47/mysql-connector-java-5.1.47.jar"/>
  </path>
  
  
  <!-- Global Libraries -->
  <!-- Register Custom Compiler Taskdefs -->
  <property name="javac2.home" value="${idea.home}/lib"/>
  <path id="javac2.classpath">
    <fileset dir="${javac2.home}">
      <include name="javac2.jar"/>
      <include name="jdom.jar"/>
      <include name="asm-all*.jar"/>
      <include name="forms-*.jar"/>
    </fileset>
  </path>
  <target name="register.custom.compilers">
    <taskdef name="javac2" classname="com.intellij.ant.Javac2" classpathref="javac2.classpath"/>
    <taskdef name="instrumentIdeaExtensions" classname="com.intellij.ant.InstrumentIdeaExtensions" classpathref="javac2.classpath"/>
  </target>
  
  <!-- Modules -->
  
  <import file="${basedir}/module_inventariobeta.xml"/>
  
  <target name="init" description="Build initialization">
    <!-- Perform any build initialization in this target -->
  </target>
  
  <target name="clean" depends="clean.module.inventariobeta" description="cleanup all"/>
  
  <target name="build.modules" depends="init, clean, compile.module.inventariobeta" description="build all modules"/>
  
  <target name="init.artifacts">
    <property name="artifacts.temp.dir" value="${basedir}/__artifacts_temp"/>
    <property name="artifact.output.inventariobeta" value="${basedir}/out/artifacts/InventarioBeta"/>
    <mkdir dir="${artifacts.temp.dir}"/>
    <property name="temp.jar.path.InventarioBeta.jar" value="${artifacts.temp.dir}/InventarioBeta.jar"/>
  </target>
  
  <target name="artifact.inventariobeta" depends="init.artifacts, compile.module.inventariobeta" description="Build &#39;InventarioBeta&#39; artifact">
    <property name="artifact.temp.output.inventariobeta" value="${artifacts.temp.dir}/InventarioBeta"/>
    <mkdir dir="${artifact.temp.output.inventariobeta}"/>
    <jar destfile="${temp.jar.path.InventarioBeta.jar}" duplicate="preserve" filesetmanifest="mergewithoutmain">
      <zipfileset dir="${inventariobeta.output.dir}"/>
      <zipfileset src="${path.variable.maven_repository}/mysql/mysql-connector-java/5.1.47/mysql-connector-java-5.1.47.jar"/>
    </jar>
    <copy file="${temp.jar.path.InventarioBeta.jar}" tofile="${artifact.temp.output.inventariobeta}/InventarioBeta.jar"/>
  </target>
  
  <target name="build.all.artifacts" depends="artifact.inventariobeta" description="Build all artifacts">
    <mkdir dir="${artifact.output.inventariobeta}"/>
    <copy todir="${artifact.output.inventariobeta}">
      <fileset dir="${artifact.temp.output.inventariobeta}"/>
    </copy>
    
    <!-- Delete temporary files -->
    <delete dir="${artifacts.temp.dir}"/>
  </target>
  
  <target name="all" depends="build.modules, build.all.artifacts" description="build all"/>
</project>