<?xml version="1.0" encoding="UTF-8"?>
<project name="module_inventariobeta" default="compile.module.inventariobeta">
  <dirname property="module.inventariobeta.basedir" file="${ant.file.module_inventariobeta}"/>
  
  <property name="module.jdk.home.inventariobeta" value="${project.jdk.home}"/>
  <property name="module.jdk.bin.inventariobeta" value="${project.jdk.bin}"/>
  <property name="module.jdk.classpath.inventariobeta" value="${project.jdk.classpath}"/>
  
  <property name="compiler.args.inventariobeta" value="-encoding UTF-8 -source 8 -target 8 ${compiler.args}"/>
  
  <property name="inventariobeta.output.dir" value="${module.inventariobeta.basedir}/target/classes"/>
  <property name="inventariobeta.testoutput.dir" value="${module.inventariobeta.basedir}/target/test-classes"/>
  
  <path id="inventariobeta.module.bootclasspath">
    <!-- Paths to be included in compilation bootclasspath -->
  </path>
  
  <path id="inventariobeta.module.production.classpath">
    <path refid="${module.jdk.classpath.inventariobeta}"/>
    <path refid="library.maven:_mysql:mysql-connector-java:5.1.47.classpath"/>
  </path>
  
  <path id="inventariobeta.runtime.production.module.classpath">
    <pathelement location="${inventariobeta.output.dir}"/>
    <path refid="library.maven:_mysql:mysql-connector-java:5.1.47.classpath"/>
  </path>
  
  <path id="inventariobeta.module.classpath">
    <path refid="${module.jdk.classpath.inventariobeta}"/>
    <pathelement location="${inventariobeta.output.dir}"/>
    <path refid="library.maven:_mysql:mysql-connector-java:5.1.47.classpath"/>
  </path>
  
  <path id="inventariobeta.runtime.module.classpath">
    <pathelement location="${inventariobeta.testoutput.dir}"/>
    <pathelement location="${inventariobeta.output.dir}"/>
    <path refid="library.maven:_mysql:mysql-connector-java:5.1.47.classpath"/>
  </path>
  
  
  <patternset id="excluded.from.module.inventariobeta">
    <patternset refid="ignored.files"/>
  </patternset>
  
  <patternset id="excluded.from.compilation.inventariobeta">
    <patternset refid="excluded.from.module.inventariobeta"/>
  </patternset>
  
  <path id="inventariobeta.module.sourcepath">
    <dirset dir="${module.inventariobeta.basedir}">
      <include name="src/main/java"/>
      <include name="src/main/resources"/>
    </dirset>
  </path>
  
  <path id="inventariobeta.module.test.sourcepath">
    <dirset dir="${module.inventariobeta.basedir}">
      <include name="src/test/java"/>
    </dirset>
  </path>
  
  
  <target name="compile.module.inventariobeta" depends="compile.module.inventariobeta.production,compile.module.inventariobeta.tests" description="Compile module InventarioBeta"/>
  
  <target name="compile.module.inventariobeta.production" depends="register.custom.compilers" description="Compile module InventarioBeta; production classes">
    <mkdir dir="${inventariobeta.output.dir}"/>
    <javac2 destdir="${inventariobeta.output.dir}" debug="${compiler.debug}" nowarn="${compiler.generate.no.warnings}" memorymaximumsize="${compiler.max.memory}" fork="true" executable="${module.jdk.bin.inventariobeta}/javac">
      <compilerarg line="${compiler.args.inventariobeta}"/>
      <bootclasspath refid="inventariobeta.module.bootclasspath"/>
      <classpath refid="inventariobeta.module.production.classpath"/>
      <src refid="inventariobeta.module.sourcepath"/>
      <patternset refid="excluded.from.compilation.inventariobeta"/>
    </javac2>
    
    <copy todir="${inventariobeta.output.dir}">
      <fileset dir="${module.inventariobeta.basedir}/src/main/java">
        <patternset refid="compiler.resources"/>
        <type type="file"/>
      </fileset>
      <fileset dir="${module.inventariobeta.basedir}/src/main/resources">
        <patternset refid="compiler.resources"/>
        <type type="file"/>
      </fileset>
    </copy>
  </target>
  
  <target name="compile.module.inventariobeta.tests" depends="register.custom.compilers,compile.module.inventariobeta.production" description="compile module InventarioBeta; test classes" unless="skip.tests">
    <mkdir dir="${inventariobeta.testoutput.dir}"/>
    <javac2 destdir="${inventariobeta.testoutput.dir}" debug="${compiler.debug}" nowarn="${compiler.generate.no.warnings}" memorymaximumsize="${compiler.max.memory}" fork="true" executable="${module.jdk.bin.inventariobeta}/javac">
      <compilerarg line="${compiler.args.inventariobeta}"/>
      <bootclasspath refid="inventariobeta.module.bootclasspath"/>
      <classpath refid="inventariobeta.module.classpath"/>
      <src refid="inventariobeta.module.test.sourcepath"/>
      <patternset refid="excluded.from.compilation.inventariobeta"/>
    </javac2>
    
    <copy todir="${inventariobeta.testoutput.dir}">
      <fileset dir="${module.inventariobeta.basedir}/src/test/java">
        <patternset refid="compiler.resources"/>
        <type type="file"/>
      </fileset>
    </copy>
  </target>
  
  <target name="clean.module.inventariobeta" description="cleanup module">
    <delete dir="${inventariobeta.output.dir}"/>
    <delete dir="${inventariobeta.testoutput.dir}"/>
  </target>
</project>